image_path,label
non_autistic\0906.jpg,non_autistic
autistic\0933.jpg,autistic
autistic\1139.jpg,autistic
autistic\0178.jpg,autistic
autistic\0347.jpg,autistic
autistic\0827.jpg,autistic
autistic\1241.jpg,autistic
non_autistic\1203.jpg,non_autistic
autistic\0241.jpg,autistic
non_autistic\0046.jpg,non_autistic
non_autistic\1367.jpg,non_autistic
non_autistic\0407.jpg,non_autistic
non_autistic\0737.jpg,non_autistic
autistic\1398.jpg,autistic
autistic\0758.jpg,autistic
non_autistic\1442.jpg,non_autistic
autistic\1460.jpg,autistic
non_autistic\0646.jpg,non_autistic
autistic\0639.jpg,autistic
autistic\0023.jpg,autistic
autistic\1427.jpg,autistic
autistic\0781.jpg,autistic
autistic\0993.jpg,autistic
non_autistic\1443.jpg,non_autistic
autistic\1014.jpg,autistic
autistic\1331.jpg,autistic
non_autistic\0714.jpg,non_autistic
autistic\0107.jpg,autistic
autistic\1097.jpg,autistic
autistic\0512.jpg,autistic
autistic\0828.jpg,autistic
non_autistic\0312.jpg,non_autistic
autistic\0346.jpg,autistic
non_autistic\1448.jpg,non_autistic
autistic\0849.jpg,autistic
autistic\0742.jpg,autistic
autistic\0469.jpg,autistic
non_autistic\0425.jpg,non_autistic
autistic\0684.jpg,autistic
non_autistic\0272.jpg,non_autistic
non_autistic\0306.jpg,non_autistic
non_autistic\1362.jpg,non_autistic
autistic\1087.jpg,autistic
non_autistic\1090.jpg,non_autistic
autistic\1354.jpg,autistic
non_autistic\1386.jpg,non_autistic
non_autistic\0732.jpg,non_autistic
autistic\1249.jpg,autistic
non_autistic\1161.jpg,non_autistic
autistic\0024.jpg,autistic
autistic\0955.jpg,autistic
non_autistic\0899.jpg,non_autistic
autistic\1018.jpg,autistic
autistic\0177.jpg,autistic
non_autistic\0162.jpg,non_autistic
autistic\1064.jpg,autistic
non_autistic\1138.jpg,non_autistic
autistic\1412.jpg,autistic
autistic\1271.jpg,autistic
non_autistic\0459.jpg,non_autistic
autistic\0644.jpg,autistic
non_autistic\0989.jpg,non_autistic
autistic\1178.jpg,autistic
non_autistic\0513.jpg,non_autistic
non_autistic\0144.jpg,non_autistic
non_autistic\0851.jpg,non_autistic
autistic\0755.jpg,autistic
autistic\0996.jpg,autistic
autistic\0376.jpg,autistic
non_autistic\0157.jpg,non_autistic
non_autistic\0211.jpg,non_autistic
non_autistic\0380.jpg,non_autistic
non_autistic\0091.jpg,non_autistic
autistic\1359.jpg,autistic
non_autistic\0727.jpg,non_autistic
non_autistic\1464.jpg,non_autistic
non_autistic\0889.jpg,non_autistic
non_autistic\1039.jpg,non_autistic
non_autistic\0934.jpg,non_autistic
non_autistic\0601.jpg,non_autistic
non_autistic\0335.jpg,non_autistic
non_autistic\1333.jpg,non_autistic
autistic\1164.jpg,autistic
non_autistic\0308.jpg,non_autistic
non_autistic\0816.jpg,non_autistic
non_autistic\0325.jpg,non_autistic
non_autistic\0135.jpg,non_autistic
non_autistic\1353.jpg,non_autistic
autistic\0238.jpg,autistic
autistic\0452.jpg,autistic
autistic\1435.jpg,autistic
autistic\0584.jpg,autistic
autistic\0768.jpg,autistic
autistic\1265.jpg,autistic
autistic\1187.jpg,autistic
non_autistic\0825.jpg,non_autistic
autistic\0801.jpg,autistic
non_autistic\0532.jpg,non_autistic
non_autistic\0895.jpg,non_autistic
non_autistic\1190.jpg,non_autistic
autistic\1175.jpg,autistic
non_autistic\0643.jpg,non_autistic
non_autistic\0903.jpg,non_autistic
autistic\0678.jpg,autistic
non_autistic\0658.jpg,non_autistic
non_autistic\0429.jpg,non_autistic
autistic\1351.jpg,autistic
non_autistic\0359.jpg,non_autistic
autistic\1117.jpg,autistic
autistic\0694.jpg,autistic
non_autistic\0045.jpg,non_autistic
autistic\0594.jpg,autistic
non_autistic\0460.jpg,non_autistic
non_autistic\1388.jpg,non_autistic
autistic\1208.jpg,autistic
autistic\1100.jpg,autistic
autistic\0395.jpg,autistic
non_autistic\0493.jpg,non_autistic
autistic\0505.jpg,autistic
autistic\0259.jpg,autistic
autistic\0201.jpg,autistic
non_autistic\1292.jpg,non_autistic
non_autistic\0738.jpg,non_autistic
non_autistic\1374.jpg,non_autistic
autistic\0352.jpg,autistic
non_autistic\1262.jpg,non_autistic
non_autistic\0327.jpg,non_autistic
non_autistic\1303.jpg,non_autistic
non_autistic\1301.jpg,non_autistic
non_autistic\0454.jpg,non_autistic
autistic\1060.jpg,autistic
autistic\0987.jpg,autistic
autistic\0041.jpg,autistic
autistic\0980.jpg,autistic
non_autistic\0806.jpg,non_autistic
autistic\1098.jpg,autistic
autistic\1323.jpg,autistic
autistic\0265.jpg,autistic
autistic\0111.jpg,autistic
non_autistic\1224.jpg,non_autistic
autistic\1227.jpg,autistic
non_autistic\0868.jpg,non_autistic
non_autistic\0551.jpg,non_autistic
autistic\0696.jpg,autistic
non_autistic\0212.jpg,non_autistic
non_autistic\0770.jpg,non_autistic
autistic\0441.jpg,autistic
non_autistic\1056.jpg,non_autistic
non_autistic\1400.jpg,non_autistic
non_autistic\0141.jpg,non_autistic
non_autistic\1324.jpg,non_autistic
autistic\0213.jpg,autistic
autistic\0371.jpg,autistic
autistic\0953.jpg,autistic
autistic\0714.jpg,autistic
non_autistic\1140.jpg,non_autistic
non_autistic\0213.jpg,non_autistic
autistic\0506.jpg,autistic
autistic\0929.jpg,autistic
autistic\0783.jpg,autistic
non_autistic\1008.jpg,non_autistic
autistic\0300.jpg,autistic
autistic\0460.jpg,autistic
autistic\0888.jpg,autistic
autistic\0048.jpg,autistic
non_autistic\0805.jpg,non_autistic
non_autistic\0098.jpg,non_autistic
non_autistic\1241.jpg,non_autistic
non_autistic\0056.jpg,non_autistic
autistic\0019.jpg,autistic
autistic\1336.jpg,autistic
non_autistic\0354.jpg,non_autistic
autistic\0113.jpg,autistic
autistic\0098.jpg,autistic
non_autistic\1366.jpg,non_autistic
non_autistic\0381.jpg,non_autistic
autistic\0575.jpg,autistic
non_autistic\0483.jpg,non_autistic
autistic\0674.jpg,autistic
non_autistic\0207.jpg,non_autistic
autistic\0716.jpg,autistic
non_autistic\0948.jpg,non_autistic
autistic\0440.jpg,autistic
autistic\0425.jpg,autistic
non_autistic\0181.jpg,non_autistic
autistic\0193.jpg,autistic
non_autistic\0650.jpg,non_autistic
non_autistic\0932.jpg,non_autistic
non_autistic\1424.jpg,non_autistic
autistic\1243.jpg,autistic
non_autistic\1398.jpg,non_autistic
non_autistic\1001.jpg,non_autistic
autistic\0757.jpg,autistic
non_autistic\0341.jpg,non_autistic
autistic\0342.jpg,autistic
autistic\0628.jpg,autistic
non_autistic\0613.jpg,non_autistic
non_autistic\0809.jpg,non_autistic
non_autistic\0984.jpg,non_autistic
autistic\1027.jpg,autistic
autistic\1346.jpg,autistic
autistic\1182.jpg,autistic
autistic\0723.jpg,autistic
autistic\1423.jpg,autistic
non_autistic\1467.jpg,non_autistic
non_autistic\0186.jpg,non_autistic
autistic\0842.jpg,autistic
non_autistic\0848.jpg,non_autistic
autistic\0951.jpg,autistic
non_autistic\1445.jpg,non_autistic
autistic\1046.jpg,autistic
autistic\0479.jpg,autistic
non_autistic\1088.jpg,non_autistic
non_autistic\1277.jpg,non_autistic
non_autistic\1300.jpg,non_autistic
non_autistic\0644.jpg,non_autistic
non_autistic\1298.jpg,non_autistic
autistic\1372.jpg,autistic
autistic\0967.jpg,autistic
autistic\0224.jpg,autistic
non_autistic\0080.jpg,non_autistic
autistic\0948.jpg,autistic
non_autistic\1182.jpg,non_autistic
autistic\0366.jpg,autistic
non_autistic\0549.jpg,non_autistic
autistic\1232.jpg,autistic
autistic\0042.jpg,autistic
autistic\1159.jpg,autistic
non_autistic\0561.jpg,non_autistic
non_autistic\0203.jpg,non_autistic
non_autistic\0479.jpg,non_autistic
autistic\0688.jpg,autistic
non_autistic\1157.jpg,non_autistic
autistic\1465.jpg,autistic
non_autistic\0877.jpg,non_autistic
autistic\0852.jpg,autistic
autistic\0695.jpg,autistic
autistic\0784.jpg,autistic
autistic\0962.jpg,autistic
autistic\0184.jpg,autistic
non_autistic\0829.jpg,non_autistic
non_autistic\0025.jpg,non_autistic
non_autistic\0604.jpg,non_autistic
autistic\1436.jpg,autistic
non_autistic\0595.jpg,non_autistic
autistic\1172.jpg,autistic
non_autistic\1431.jpg,non_autistic
non_autistic\0409.jpg,non_autistic
autistic\1229.jpg,autistic
autistic\1063.jpg,autistic
autistic\0724.jpg,autistic
autistic\0289.jpg,autistic
non_autistic\1455.jpg,non_autistic
autistic\0769.jpg,autistic
non_autistic\1360.jpg,non_autistic
non_autistic\0781.jpg,non_autistic
autistic\0982.jpg,autistic
autistic\0936.jpg,autistic
non_autistic\1210.jpg,non_autistic
non_autistic\1390.jpg,non_autistic
non_autistic\0642.jpg,non_autistic
non_autistic\0474.jpg,non_autistic
autistic\0379.jpg,autistic
non_autistic\0243.jpg,non_autistic
non_autistic\0635.jpg,non_autistic
non_autistic\1376.jpg,non_autistic
non_autistic\1263.jpg,non_autistic
non_autistic\0508.jpg,non_autistic
autistic\1333.jpg,autistic
autistic\0774.jpg,autistic
autistic\1186.jpg,autistic
autistic\1426.jpg,autistic
autistic\0908.jpg,autistic
non_autistic\0960.jpg,non_autistic
autistic\0236.jpg,autistic
autistic\0990.jpg,autistic
autistic\0598.jpg,autistic
non_autistic\0259.jpg,non_autistic
autistic\1335.jpg,autistic
autistic\1381.jpg,autistic
autistic\0318.jpg,autistic
autistic\1452.jpg,autistic
autistic\0169.jpg,autistic
non_autistic\0500.jpg,non_autistic
non_autistic\1107.jpg,non_autistic
autistic\0563.jpg,autistic
non_autistic\1460.jpg,non_autistic
non_autistic\0709.jpg,non_autistic
autistic\0627.jpg,autistic
non_autistic\0542.jpg,non_autistic
autistic\0873.jpg,autistic
non_autistic\0421.jpg,non_autistic
non_autistic\0552.jpg,non_autistic
autistic\0336.jpg,autistic
autistic\0640.jpg,autistic
non_autistic\0426.jpg,non_autistic
autistic\1236.jpg,autistic
non_autistic\0671.jpg,non_autistic
non_autistic\0914.jpg,non_autistic
non_autistic\0572.jpg,non_autistic
autistic\0897.jpg,autistic
autistic\0553.jpg,autistic
autistic\1347.jpg,autistic
non_autistic\0442.jpg,non_autistic
autistic\0522.jpg,autistic
non_autistic\1180.jpg,non_autistic
autistic\1016.jpg,autistic
autistic\1405.jpg,autistic
autistic\0795.jpg,autistic
autistic\0959.jpg,autistic
non_autistic\0873.jpg,non_autistic
non_autistic\0654.jpg,non_autistic
autistic\1043.jpg,autistic
non_autistic\1451.jpg,non_autistic
autistic\0514.jpg,autistic
autistic\0974.jpg,autistic
non_autistic\0171.jpg,non_autistic
non_autistic\1132.jpg,non_autistic
non_autistic\0515.jpg,non_autistic
autistic\0450.jpg,autistic
non_autistic\1202.jpg,non_autistic
autistic\0620.jpg,autistic
autistic\0108.jpg,autistic
non_autistic\1334.jpg,non_autistic
autistic\1054.jpg,autistic
autistic\1304.jpg,autistic
autistic\0294.jpg,autistic
autistic\1122.jpg,autistic
autistic\1216.jpg,autistic
non_autistic\1065.jpg,non_autistic
non_autistic\0514.jpg,non_autistic
non_autistic\1269.jpg,non_autistic
autistic\1003.jpg,autistic
autistic\1252.jpg,autistic
non_autistic\0750.jpg,non_autistic
non_autistic\0239.jpg,non_autistic
autistic\0900.jpg,autistic
non_autistic\1372.jpg,non_autistic
autistic\0881.jpg,autistic
non_autistic\0875.jpg,non_autistic
autistic\1089.jpg,autistic
autistic\0739.jpg,autistic
autistic\0498.jpg,autistic
non_autistic\0088.jpg,non_autistic
autistic\1237.jpg,autistic
non_autistic\0344.jpg,non_autistic
non_autistic\0048.jpg,non_autistic
non_autistic\0470.jpg,non_autistic
non_autistic\1342.jpg,non_autistic
non_autistic\0329.jpg,non_autistic
autistic\0894.jpg,autistic
non_autistic\1159.jpg,non_autistic
autistic\1431.jpg,autistic
non_autistic\0011.jpg,non_autistic
autistic\1322.jpg,autistic
autistic\0927.jpg,autistic
autistic\0195.jpg,autistic
autistic\1342.jpg,autistic
autistic\0912.jpg,autistic
autistic\1280.jpg,autistic
non_autistic\0142.jpg,non_autistic
non_autistic\0905.jpg,non_autistic
autistic\0007.jpg,autistic
non_autistic\1428.jpg,non_autistic
non_autistic\0209.jpg,non_autistic
non_autistic\0964.jpg,non_autistic
autistic\0458.jpg,autistic
non_autistic\0763.jpg,non_autistic
autistic\1353.jpg,autistic
non_autistic\1143.jpg,non_autistic
autistic\1389.jpg,autistic
autistic\0397.jpg,autistic
autistic\0109.jpg,autistic
non_autistic\1239.jpg,non_autistic
autistic\1300.jpg,autistic
autistic\0472.jpg,autistic
autistic\1411.jpg,autistic
non_autistic\0772.jpg,non_autistic
autistic\0861.jpg,autistic
non_autistic\0132.jpg,non_autistic
autistic\0430.jpg,autistic
non_autistic\0621.jpg,non_autistic
non_autistic\0557.jpg,non_autistic
non_autistic\0661.jpg,non_autistic
non_autistic\0079.jpg,non_autistic
autistic\0167.jpg,autistic
non_autistic\1217.jpg,non_autistic
autistic\0163.jpg,autistic
non_autistic\0416.jpg,non_autistic
non_autistic\1462.jpg,non_autistic
non_autistic\1104.jpg,non_autistic
autistic\0642.jpg,autistic
autistic\0964.jpg,autistic
autistic\0830.jpg,autistic
non_autistic\0364.jpg,non_autistic
autistic\0983.jpg,autistic
autistic\0760.jpg,autistic
non_autistic\0410.jpg,non_autistic
autistic\1459.jpg,autistic
non_autistic\1197.jpg,non_autistic
non_autistic\0731.jpg,non_autistic
non_autistic\1345.jpg,non_autistic
non_autistic\0248.jpg,non_autistic
autistic\0537.jpg,autistic
non_autistic\0975.jpg,non_autistic
non_autistic\1098.jpg,non_autistic
non_autistic\1454.jpg,non_autistic
non_autistic\0777.jpg,non_autistic
autistic\0398.jpg,autistic
non_autistic\1222.jpg,non_autistic
non_autistic\0780.jpg,non_autistic
non_autistic\0292.jpg,non_autistic
autistic\1305.jpg,autistic
autistic\0367.jpg,autistic
non_autistic\0723.jpg,non_autistic
autistic\0485.jpg,autistic
non_autistic\0008.jpg,non_autistic
non_autistic\1271.jpg,non_autistic
non_autistic\0337.jpg,non_autistic
autistic\0427.jpg,autistic
autistic\1005.jpg,autistic
autistic\0846.jpg,autistic
non_autistic\1151.jpg,non_autistic
non_autistic\0759.jpg,non_autistic
non_autistic\0408.jpg,non_autistic
non_autistic\0022.jpg,non_autistic
non_autistic\0564.jpg,non_autistic
autistic\0762.jpg,autistic
autistic\0357.jpg,autistic
non_autistic\0254.jpg,non_autistic
autistic\1326.jpg,autistic
non_autistic\0761.jpg,non_autistic
autistic\0428.jpg,autistic
autistic\1012.jpg,autistic
non_autistic\0802.jpg,non_autistic
autistic\0521.jpg,autistic
autistic\0710.jpg,autistic
non_autistic\1394.jpg,non_autistic
autistic\0940.jpg,autistic
autistic\0669.jpg,autistic
autistic\0446.jpg,autistic
autistic\0709.jpg,autistic
autistic\0424.jpg,autistic
autistic\0641.jpg,autistic
autistic\0143.jpg,autistic
non_autistic\0698.jpg,non_autistic
non_autistic\1189.jpg,non_autistic
autistic\0614.jpg,autistic
non_autistic\1319.jpg,non_autistic
autistic\0754.jpg,autistic
non_autistic\0742.jpg,non_autistic
autistic\0910.jpg,autistic
autistic\0221.jpg,autistic
autistic\0805.jpg,autistic
autistic\0199.jpg,autistic
non_autistic\0779.jpg,non_autistic
autistic\0051.jpg,autistic
non_autistic\0253.jpg,non_autistic
autistic\0671.jpg,autistic
autistic\1368.jpg,autistic
non_autistic\0768.jpg,non_autistic
autistic\0605.jpg,autistic
autistic\1235.jpg,autistic
non_autistic\1230.jpg,non_autistic
autistic\0727.jpg,autistic
non_autistic\0478.jpg,non_autistic
non_autistic\1258.jpg,non_autistic
autistic\0191.jpg,autistic
autistic\1209.jpg,autistic
autistic\1066.jpg,autistic
autistic\1033.jpg,autistic
autistic\0515.jpg,autistic
autistic\0093.jpg,autistic
non_autistic\0376.jpg,non_autistic
non_autistic\0117.jpg,non_autistic
autistic\1303.jpg,autistic
non_autistic\0529.jpg,non_autistic
non_autistic\1193.jpg,non_autistic
non_autistic\0896.jpg,non_autistic
autistic\0787.jpg,autistic
non_autistic\1305.jpg,non_autistic
non_autistic\1404.jpg,non_autistic
autistic\1081.jpg,autistic
non_autistic\1187.jpg,non_autistic
autistic\0504.jpg,autistic
non_autistic\0436.jpg,non_autistic
autistic\0656.jpg,autistic
non_autistic\0625.jpg,non_autistic
non_autistic\0656.jpg,non_autistic
autistic\1357.jpg,autistic
non_autistic\0649.jpg,non_autistic
autistic\0944.jpg,autistic
non_autistic\0476.jpg,non_autistic
non_autistic\0665.jpg,non_autistic
autistic\1233.jpg,autistic
non_autistic\0904.jpg,non_autistic
autistic\1133.jpg,autistic
autistic\1402.jpg,autistic
non_autistic\0192.jpg,non_autistic
non_autistic\1214.jpg,non_autistic
autistic\1084.jpg,autistic
non_autistic\0879.jpg,non_autistic
non_autistic\0898.jpg,non_autistic
non_autistic\0155.jpg,non_autistic
autistic\1287.jpg,autistic
autistic\0296.jpg,autistic
autistic\1022.jpg,autistic
non_autistic\0475.jpg,non_autistic
autistic\1438.jpg,autistic
non_autistic\0276.jpg,non_autistic
non_autistic\0240.jpg,non_autistic
non_autistic\0097.jpg,non_autistic
autistic\1266.jpg,autistic
autistic\0327.jpg,autistic
non_autistic\0232.jpg,non_autistic
autistic\1367.jpg,autistic
autistic\0513.jpg,autistic
autistic\0636.jpg,autistic
non_autistic\0648.jpg,non_autistic
non_autistic\1434.jpg,non_autistic
autistic\1339.jpg,autistic
non_autistic\1335.jpg,non_autistic
non_autistic\1272.jpg,non_autistic
non_autistic\0712.jpg,non_autistic
non_autistic\1015.jpg,non_autistic
non_autistic\1308.jpg,non_autistic
autistic\1202.jpg,autistic
autistic\0033.jpg,autistic
autistic\1292.jpg,autistic
autistic\1394.jpg,autistic
non_autistic\0172.jpg,non_autistic
autistic\0207.jpg,autistic
non_autistic\0998.jpg,non_autistic
autistic\1072.jpg,autistic
non_autistic\0941.jpg,non_autistic
autistic\0462.jpg,autistic
non_autistic\1037.jpg,non_autistic
non_autistic\0900.jpg,non_autistic
non_autistic\1287.jpg,non_autistic
non_autistic\1030.jpg,non_autistic
non_autistic\0619.jpg,non_autistic
autistic\0841.jpg,autistic
autistic\0174.jpg,autistic
autistic\0679.jpg,autistic
non_autistic\0701.jpg,non_autistic
autistic\1281.jpg,autistic
non_autistic\0210.jpg,non_autistic
autistic\0779.jpg,autistic
non_autistic\0674.jpg,non_autistic
non_autistic\0291.jpg,non_autistic
autistic\0065.jpg,autistic
non_autistic\1020.jpg,non_autistic
non_autistic\0455.jpg,non_autistic
autistic\1370.jpg,autistic
autistic\0095.jpg,autistic
non_autistic\0982.jpg,non_autistic
autistic\1440.jpg,autistic
autistic\1363.jpg,autistic
autistic\0746.jpg,autistic
autistic\0080.jpg,autistic
autistic\0840.jpg,autistic
autistic\0451.jpg,autistic
non_autistic\1066.jpg,non_autistic
autistic\0541.jpg,autistic
non_autistic\1327.jpg,non_autistic
non_autistic\1270.jpg,non_autistic
autistic\0414.jpg,autistic
non_autistic\0961.jpg,non_autistic
autistic\1188.jpg,autistic
autistic\1309.jpg,autistic
autistic\0166.jpg,autistic
autistic\0344.jpg,autistic
non_autistic\0706.jpg,non_autistic
non_autistic\0704.jpg,non_autistic
autistic\0463.jpg,autistic
autistic\1169.jpg,autistic
non_autistic\0331.jpg,non_autistic
non_autistic\1016.jpg,non_autistic
autistic\1130.jpg,autistic
autistic\0185.jpg,autistic
non_autistic\1146.jpg,non_autistic
autistic\0744.jpg,autistic
non_autistic\1205.jpg,non_autistic
autistic\1447.jpg,autistic
non_autistic\0092.jpg,non_autistic
autistic\0975.jpg,autistic
autistic\1073.jpg,autistic
non_autistic\0214.jpg,non_autistic
autistic\0317.jpg,autistic
non_autistic\0017.jpg,non_autistic
non_autistic\1273.jpg,non_autistic
autistic\1417.jpg,autistic
non_autistic\1000.jpg,non_autistic
non_autistic\0094.jpg,non_autistic
non_autistic\0351.jpg,non_autistic
autistic\0745.jpg,autistic
autistic\1176.jpg,autistic
autistic\0217.jpg,autistic
autistic\0147.jpg,autistic
non_autistic\1070.jpg,non_autistic
autistic\0084.jpg,autistic
non_autistic\0672.jpg,non_autistic
non_autistic\0089.jpg,non_autistic
non_autistic\0845.jpg,non_autistic
non_autistic\1221.jpg,non_autistic
non_autistic\1148.jpg,non_autistic
autistic\0569.jpg,autistic
non_autistic\0336.jpg,non_autistic
non_autistic\0859.jpg,non_autistic
non_autistic\1363.jpg,non_autistic
non_autistic\0970.jpg,non_autistic
non_autistic\0058.jpg,non_autistic
non_autistic\1313.jpg,non_autistic
non_autistic\0465.jpg,non_autistic
non_autistic\0236.jpg,non_autistic
non_autistic\1251.jpg,non_autistic
non_autistic\0406.jpg,non_autistic
autistic\0413.jpg,autistic
non_autistic\0636.jpg,non_autistic
non_autistic\1133.jpg,non_autistic
non_autistic\0640.jpg,non_autistic
autistic\1453.jpg,autistic
non_autistic\0431.jpg,non_autistic
autistic\1220.jpg,autistic
non_autistic\0620.jpg,non_autistic
autistic\0601.jpg,autistic
autistic\0882.jpg,autistic
non_autistic\0169.jpg,non_autistic
autistic\1341.jpg,autistic
non_autistic\1018.jpg,non_autistic
autistic\0026.jpg,autistic
autistic\0097.jpg,autistic
non_autistic\1081.jpg,non_autistic
autistic\1146.jpg,autistic
non_autistic\0684.jpg,non_autistic
autistic\1434.jpg,autistic
non_autistic\0423.jpg,non_autistic
autistic\0340.jpg,autistic
non_autistic\1021.jpg,non_autistic
autistic\0508.jpg,autistic
autistic\0708.jpg,autistic
non_autistic\1232.jpg,non_autistic
non_autistic\0283.jpg,non_autistic
non_autistic\1385.jpg,non_autistic
autistic\0690.jpg,autistic
autistic\1192.jpg,autistic
autistic\0161.jpg,autistic
non_autistic\1047.jpg,non_autistic
non_autistic\0852.jpg,non_autistic
non_autistic\0267.jpg,non_autistic
autistic\0301.jpg,autistic
non_autistic\0662.jpg,non_autistic
autistic\0373.jpg,autistic
autistic\1195.jpg,autistic
non_autistic\0119.jpg,non_autistic
autistic\0276.jpg,autistic
non_autistic\0356.jpg,non_autistic
autistic\1238.jpg,autistic
non_autistic\0057.jpg,non_autistic
non_autistic\0647.jpg,non_autistic
non_autistic\0321.jpg,non_autistic
autistic\0916.jpg,autistic
non_autistic\0555.jpg,non_autistic
autistic\1314.jpg,autistic
autistic\0689.jpg,autistic
non_autistic\1162.jpg,non_autistic
autistic\1334.jpg,autistic
autistic\0364.jpg,autistic
non_autistic\0041.jpg,non_autistic
autistic\0814.jpg,autistic
autistic\0017.jpg,autistic
autistic\1141.jpg,autistic
autistic\0160.jpg,autistic
non_autistic\1423.jpg,non_autistic
non_autistic\0069.jpg,non_autistic
autistic\0701.jpg,autistic
non_autistic\0938.jpg,non_autistic
non_autistic\1145.jpg,non_autistic
autistic\0211.jpg,autistic
non_autistic\0205.jpg,non_autistic
non_autistic\0659.jpg,non_autistic
autistic\0404.jpg,autistic
non_autistic\0044.jpg,non_autistic
autistic\0520.jpg,autistic
autistic\1039.jpg,autistic
autistic\0721.jpg,autistic
non_autistic\1378.jpg,non_autistic
autistic\0239.jpg,autistic
autistic\1180.jpg,autistic
autistic\0286.jpg,autistic
non_autistic\0907.jpg,non_autistic
non_autistic\0581.jpg,non_autistic
autistic\0136.jpg,autistic
autistic\0306.jpg,autistic
non_autistic\1096.jpg,non_autistic
autistic\1239.jpg,autistic
autistic\0890.jpg,autistic
non_autistic\0477.jpg,non_autistic
autistic\0232.jpg,autistic
non_autistic\0290.jpg,non_autistic
autistic\1430.jpg,autistic
non_autistic\1315.jpg,non_autistic
non_autistic\1097.jpg,non_autistic
non_autistic\0925.jpg,non_autistic
autistic\1448.jpg,autistic
autistic\0893.jpg,autistic
autistic\0617.jpg,autistic
non_autistic\1285.jpg,non_autistic
autistic\0447.jpg,autistic
autistic\0261.jpg,autistic
autistic\0470.jpg,autistic
non_autistic\1355.jpg,non_autistic
non_autistic\0815.jpg,non_autistic
non_autistic\0074.jpg,non_autistic
autistic\1327.jpg,autistic
non_autistic\1364.jpg,non_autistic
autistic\1086.jpg,autistic
non_autistic\0685.jpg,non_autistic
autistic\1193.jpg,autistic
autistic\0998.jpg,autistic
non_autistic\1432.jpg,non_autistic
non_autistic\0258.jpg,non_autistic
non_autistic\0100.jpg,non_autistic
autistic\0251.jpg,autistic
autistic\1215.jpg,autistic
non_autistic\0865.jpg,non_autistic
autistic\0020.jpg,autistic
autistic\0786.jpg,autistic
non_autistic\0238.jpg,non_autistic
autistic\0121.jpg,autistic
autistic\0081.jpg,autistic
non_autistic\0675.jpg,non_autistic
autistic\0487.jpg,autistic
non_autistic\0605.jpg,non_autistic
autistic\0819.jpg,autistic
autistic\0919.jpg,autistic
non_autistic\0183.jpg,non_autistic
autistic\0312.jpg,autistic
autistic\0115.jpg,autistic
non_autistic\0778.jpg,non_autistic
non_autistic\0193.jpg,non_autistic
non_autistic\0807.jpg,non_autistic
autistic\1383.jpg,autistic
autistic\0587.jpg,autistic
autistic\0579.jpg,autistic
autistic\0534.jpg,autistic
non_autistic\1075.jpg,non_autistic
non_autistic\0116.jpg,non_autistic
non_autistic\1121.jpg,non_autistic
autistic\1444.jpg,autistic
autistic\0864.jpg,autistic
autistic\1268.jpg,autistic
autistic\0069.jpg,autistic
autistic\1259.jpg,autistic
autistic\0994.jpg,autistic
autistic\0509.jpg,autistic
non_autistic\0343.jpg,non_autistic
autistic\1132.jpg,autistic
autistic\0120.jpg,autistic
autistic\0992.jpg,autistic
autistic\1401.jpg,autistic
non_autistic\0221.jpg,non_autistic
autistic\1302.jpg,autistic
autistic\0664.jpg,autistic
autistic\0035.jpg,autistic
autistic\0104.jpg,autistic
non_autistic\1302.jpg,non_autistic
non_autistic\0945.jpg,non_autistic
non_autistic\1116.jpg,non_autistic
autistic\1446.jpg,autistic
non_autistic\0242.jpg,non_autistic
autistic\0530.jpg,autistic
autistic\0269.jpg,autistic
non_autistic\0120.jpg,non_autistic
non_autistic\0139.jpg,non_autistic
autistic\1147.jpg,autistic
autistic\0892.jpg,autistic
non_autistic\0075.jpg,non_autistic
autistic\0372.jpg,autistic
autistic\1165.jpg,autistic
non_autistic\0846.jpg,non_autistic
autistic\0652.jpg,autistic
autistic\0103.jpg,autistic
non_autistic\0596.jpg,non_autistic
autistic\1466.jpg,autistic
non_autistic\0218.jpg,non_autistic
autistic\0831.jpg,autistic
non_autistic\0042.jpg,non_autistic
autistic\1199.jpg,autistic
non_autistic\1113.jpg,non_autistic
autistic\0075.jpg,autistic
non_autistic\0147.jpg,non_autistic
autistic\0422.jpg,autistic
autistic\0737.jpg,autistic
non_autistic\0170.jpg,non_autistic
autistic\0666.jpg,autistic
non_autistic\1436.jpg,non_autistic
autistic\0591.jpg,autistic
non_autistic\0484.jpg,non_autistic
non_autistic\0441.jpg,non_autistic
non_autistic\1296.jpg,non_autistic
non_autistic\0275.jpg,non_autistic
non_autistic\0303.jpg,non_autistic
autistic\0278.jpg,autistic
autistic\1289.jpg,autistic
autistic\1129.jpg,autistic
non_autistic\0849.jpg,non_autistic
non_autistic\0362.jpg,non_autistic
autistic\1181.jpg,autistic
non_autistic\1052.jpg,non_autistic
autistic\0008.jpg,autistic
non_autistic\1183.jpg,non_autistic
non_autistic\1068.jpg,non_autistic
autistic\0419.jpg,autistic
non_autistic\0699.jpg,non_autistic
non_autistic\0814.jpg,non_autistic
autistic\1379.jpg,autistic
non_autistic\0872.jpg,non_autistic
non_autistic\0864.jpg,non_autistic
non_autistic\0159.jpg,non_autistic
non_autistic\0204.jpg,non_autistic
non_autistic\0034.jpg,non_autistic
non_autistic\1283.jpg,non_autistic
autistic\1332.jpg,autistic
non_autistic\0538.jpg,non_autistic
autistic\0811.jpg,autistic
autistic\0898.jpg,autistic
autistic\0931.jpg,autistic
autistic\0885.jpg,autistic
autistic\1125.jpg,autistic
non_autistic\0206.jpg,non_autistic
non_autistic\1124.jpg,non_autistic
autistic\0138.jpg,autistic
non_autistic\1067.jpg,non_autistic
autistic\0369.jpg,autistic
autistic\0523.jpg,autistic
autistic\1310.jpg,autistic
non_autistic\1055.jpg,non_autistic
non_autistic\1093.jpg,non_autistic
autistic\0444.jpg,autistic
autistic\0281.jpg,autistic
autistic\0010.jpg,autistic
autistic\0911.jpg,autistic
autistic\0162.jpg,autistic
non_autistic\0334.jpg,non_autistic
non_autistic\0756.jpg,non_autistic
autistic\1321.jpg,autistic
autistic\0676.jpg,autistic
non_autistic\0691.jpg,non_autistic
autistic\0726.jpg,autistic
non_autistic\0760.jpg,non_autistic
non_autistic\1061.jpg,non_autistic
autistic\0823.jpg,autistic
non_autistic\1446.jpg,non_autistic
autistic\0646.jpg,autistic
autistic\1290.jpg,autistic
non_autistic\0287.jpg,non_autistic
autistic\1228.jpg,autistic
autistic\1126.jpg,autistic
autistic\1325.jpg,autistic
autistic\0571.jpg,autistic
autistic\1124.jpg,autistic
autistic\0660.jpg,autistic
autistic\1167.jpg,autistic
non_autistic\0263.jpg,non_autistic
non_autistic\1176.jpg,non_autistic
non_autistic\1312.jpg,non_autistic
non_autistic\0304.jpg,non_autistic
autistic\0348.jpg,autistic
autistic\0766.jpg,autistic
non_autistic\1316.jpg,non_autistic
autistic\0645.jpg,autistic
autistic\0150.jpg,autistic
autistic\0752.jpg,autistic
autistic\0856.jpg,autistic
non_autistic\0175.jpg,non_autistic
autistic\0292.jpg,autistic
autistic\0492.jpg,autistic
non_autistic\0735.jpg,non_autistic
non_autistic\1149.jpg,non_autistic
autistic\0099.jpg,autistic
autistic\1316.jpg,autistic
autistic\1345.jpg,autistic
non_autistic\0666.jpg,non_autistic
non_autistic\1294.jpg,non_autistic
non_autistic\1099.jpg,non_autistic
autistic\0966.jpg,autistic
non_autistic\0623.jpg,non_autistic
autistic\0309.jpg,autistic
non_autistic\0526.jpg,non_autistic
autistic\0538.jpg,autistic
autistic\0532.jpg,autistic
non_autistic\1396.jpg,non_autistic
non_autistic\0831.jpg,non_autistic
non_autistic\0598.jpg,non_autistic
autistic\0153.jpg,autistic
autistic\0809.jpg,autistic
non_autistic\0333.jpg,non_autistic
autistic\0535.jpg,autistic
non_autistic\0247.jpg,non_autistic
non_autistic\1264.jpg,non_autistic
non_autistic\1458.jpg,non_autistic
autistic\0918.jpg,autistic
non_autistic\1220.jpg,non_autistic
autistic\0332.jpg,autistic
non_autistic\0987.jpg,non_autistic
non_autistic\1040.jpg,non_autistic
autistic\0461.jpg,autistic
autistic\0756.jpg,autistic
non_autistic\0928.jpg,non_autistic
autistic\0102.jpg,autistic
autistic\0274.jpg,autistic
non_autistic\0392.jpg,non_autistic
non_autistic\0330.jpg,non_autistic
non_autistic\0741.jpg,non_autistic
non_autistic\0029.jpg,non_autistic
autistic\1212.jpg,autistic
non_autistic\0597.jpg,non_autistic
autistic\0321.jpg,autistic
non_autistic\1043.jpg,non_autistic
non_autistic\0507.jpg,non_autistic
autistic\0400.jpg,autistic
autistic\0480.jpg,autistic
autistic\1102.jpg,autistic
non_autistic\0887.jpg,non_autistic
non_autistic\1267.jpg,non_autistic
autistic\0818.jpg,autistic
autistic\0077.jpg,autistic
non_autistic\0652.jpg,non_autistic
autistic\1070.jpg,autistic
autistic\0060.jpg,autistic
non_autistic\0988.jpg,non_autistic
autistic\0884.jpg,autistic
non_autistic\1031.jpg,non_autistic
non_autistic\0353.jpg,non_autistic
non_autistic\0487.jpg,non_autistic
non_autistic\0730.jpg,non_autistic
autistic\0495.jpg,autistic
autistic\1116.jpg,autistic
non_autistic\0178.jpg,non_autistic
autistic\0604.jpg,autistic
non_autistic\1206.jpg,non_autistic
non_autistic\1122.jpg,non_autistic
non_autistic\0488.jpg,non_autistic
non_autistic\1076.jpg,non_autistic
autistic\0421.jpg,autistic
autistic\0943.jpg,autistic
autistic\1308.jpg,autistic
autistic\0406.jpg,autistic
non_autistic\0384.jpg,non_autistic
autistic\0503.jpg,autistic
autistic\1360.jpg,autistic
autistic\0385.jpg,autistic
non_autistic\0536.jpg,non_autistic
autistic\1021.jpg,autistic
autistic\0635.jpg,autistic
autistic\0680.jpg,autistic
non_autistic\1071.jpg,non_autistic
non_autistic\0965.jpg,non_autistic
autistic\0618.jpg,autistic
non_autistic\0682.jpg,non_autistic
non_autistic\1240.jpg,non_autistic
autistic\0796.jpg,autistic
autistic\0173.jpg,autistic
autistic\0476.jpg,autistic
autistic\1042.jpg,autistic
autistic\0148.jpg,autistic
non_autistic\1453.jpg,non_autistic
autistic\0432.jpg,autistic
autistic\0085.jpg,autistic
autistic\1171.jpg,autistic
non_autistic\1371.jpg,non_autistic
autistic\0436.jpg,autistic
non_autistic\1416.jpg,non_autistic
autistic\0475.jpg,autistic
non_autistic\0517.jpg,non_autistic
non_autistic\0524.jpg,non_autistic
non_autistic\0217.jpg,non_autistic
non_autistic\0819.jpg,non_autistic
non_autistic\0663.jpg,non_autistic
non_autistic\1023.jpg,non_autistic
non_autistic\0153.jpg,non_autistic
autistic\0576.jpg,autistic
autistic\1194.jpg,autistic
non_autistic\0622.jpg,non_autistic
non_autistic\0375.jpg,non_autistic
non_autistic\1321.jpg,non_autistic
autistic\1028.jpg,autistic
non_autistic\0505.jpg,non_autistic
non_autistic\0491.jpg,non_autistic
autistic\0704.jpg,autistic
autistic\1299.jpg,autistic
autistic\1267.jpg,autistic
autistic\0637.jpg,autistic
non_autistic\1152.jpg,non_autistic
autistic\1374.jpg,autistic
autistic\0573.jpg,autistic
autistic\0101.jpg,autistic
autistic\0589.jpg,autistic
non_autistic\0882.jpg,non_autistic
non_autistic\0498.jpg,non_autistic
autistic\0380.jpg,autistic
autistic\0448.jpg,autistic
non_autistic\1120.jpg,non_autistic
autistic\0200.jpg,autistic
non_autistic\0496.jpg,non_autistic
autistic\0209.jpg,autistic
non_autistic\0748.jpg,non_autistic
non_autistic\1403.jpg,non_autistic
autistic\0002.jpg,autistic
autistic\0381.jpg,autistic
non_autistic\1226.jpg,non_autistic
autistic\1011.jpg,autistic
non_autistic\0822.jpg,non_autistic
non_autistic\0939.jpg,non_autistic
autistic\0478.jpg,autistic
non_autistic\0762.jpg,non_autistic
autistic\0626.jpg,autistic
non_autistic\0316.jpg,non_autistic
autistic\0525.jpg,autistic
autistic\0615.jpg,autistic
non_autistic\0918.jpg,non_autistic
autistic\0279.jpg,autistic
non_autistic\0405.jpg,non_autistic
autistic\1462.jpg,autistic
non_autistic\0997.jpg,non_autistic
non_autistic\0942.jpg,non_autistic
autistic\1162.jpg,autistic
autistic\0409.jpg,autistic
autistic\0886.jpg,autistic
non_autistic\1004.jpg,non_autistic
autistic\1067.jpg,autistic
non_autistic\1265.jpg,non_autistic
non_autistic\1377.jpg,non_autistic
non_autistic\0490.jpg,non_autistic
non_autistic\1029.jpg,non_autistic
autistic\1201.jpg,autistic
autistic\0543.jpg,autistic
non_autistic\0295.jpg,non_autistic
non_autistic\0482.jpg,non_autistic
autistic\0022.jpg,autistic
non_autistic\0593.jpg,non_autistic
non_autistic\0657.jpg,non_autistic
non_autistic\0480.jpg,non_autistic
autistic\0692.jpg,autistic
non_autistic\0600.jpg,non_autistic
autistic\1378.jpg,autistic
autistic\0308.jpg,autistic
autistic\0252.jpg,autistic
autistic\0130.jpg,autistic
non_autistic\1331.jpg,non_autistic
autistic\0122.jpg,autistic
non_autistic\0599.jpg,non_autistic
autistic\0683.jpg,autistic
autistic\0643.jpg,autistic
non_autistic\1101.jpg,non_autistic
autistic\0464.jpg,autistic
autistic\1318.jpg,autistic
non_autistic\0377.jpg,non_autistic
autistic\0791.jpg,autistic
autistic\0790.jpg,autistic
autistic\0112.jpg,autistic
non_autistic\1359.jpg,non_autistic
autistic\0437.jpg,autistic
non_autistic\0818.jpg,non_autistic
non_autistic\1410.jpg,non_autistic
autistic\0707.jpg,autistic
autistic\1262.jpg,autistic
autistic\0326.jpg,autistic
autistic\1085.jpg,autistic
non_autistic\0062.jpg,non_autistic
autistic\0706.jpg,autistic
autistic\1340.jpg,autistic
non_autistic\0512.jpg,non_autistic
non_autistic\0958.jpg,non_autistic
autistic\0731.jpg,autistic
autistic\0482.jpg,autistic
autistic\0630.jpg,autistic
non_autistic\0085.jpg,non_autistic
autistic\0917.jpg,autistic
autistic\0412.jpg,autistic
autistic\0110.jpg,autistic
autistic\0030.jpg,autistic
autistic\0235.jpg,autistic
autistic\0973.jpg,autistic
non_autistic\1340.jpg,non_autistic
non_autistic\0167.jpg,non_autistic
autistic\1009.jpg,autistic
non_autistic\0012.jpg,non_autistic
autistic\0808.jpg,autistic
autistic\1094.jpg,autistic
non_autistic\0693.jpg,non_autistic
non_autistic\1452.jpg,non_autistic
autistic\0270.jpg,autistic
non_autistic\1381.jpg,non_autistic
autistic\0693.jpg,autistic
autistic\0593.jpg,autistic
non_autistic\1375.jpg,non_autistic
non_autistic\0703.jpg,non_autistic
non_autistic\0300.jpg,non_autistic
autistic\0719.jpg,autistic
non_autistic\0804.jpg,non_autistic
non_autistic\0883.jpg,non_autistic
non_autistic\1346.jpg,non_autistic
non_autistic\1407.jpg,non_autistic
non_autistic\0467.jpg,non_autistic
non_autistic\0681.jpg,non_autistic
non_autistic\1185.jpg,non_autistic
autistic\0582.jpg,autistic
non_autistic\0060.jpg,non_autistic
non_autistic\0794.jpg,non_autistic
autistic\1051.jpg,autistic
non_autistic\1125.jpg,non_autistic
autistic\1358.jpg,autistic
autistic\0855.jpg,autistic
non_autistic\0950.jpg,non_autistic
autistic\0986.jpg,autistic
non_autistic\0002.jpg,non_autistic
autistic\1307.jpg,autistic
autistic\0282.jpg,autistic
non_autistic\1195.jpg,non_autistic
non_autistic\1086.jpg,non_autistic
autistic\0481.jpg,autistic
autistic\0087.jpg,autistic
non_autistic\0638.jpg,non_autistic
autistic\0242.jpg,autistic
non_autistic\0019.jpg,non_autistic
non_autistic\1259.jpg,non_autistic
autistic\0046.jpg,autistic
autistic\0592.jpg,autistic
non_autistic\1344.jpg,non_autistic
autistic\0106.jpg,autistic
non_autistic\1207.jpg,non_autistic
autistic\1451.jpg,autistic
autistic\0960.jpg,autistic
autistic\0386.jpg,autistic
non_autistic\1237.jpg,non_autistic
non_autistic\1209.jpg,non_autistic
autistic\1418.jpg,autistic
non_autistic\0434.jpg,non_autistic
autistic\0124.jpg,autistic
autistic\0872.jpg,autistic
non_autistic\0817.jpg,non_autistic
autistic\0945.jpg,autistic
autistic\0539.jpg,autistic
non_autistic\1078.jpg,non_autistic
autistic\0170.jpg,autistic
autistic\0489.jpg,autistic
non_autistic\0395.jpg,non_autistic
autistic\0625.jpg,autistic
autistic\0220.jpg,autistic
autistic\1200.jpg,autistic
non_autistic\0565.jpg,non_autistic
autistic\0738.jpg,autistic
non_autistic\0769.jpg,non_autistic
autistic\0128.jpg,autistic
non_autistic\1306.jpg,non_autistic
non_autistic\0357.jpg,non_autistic
non_autistic\0361.jpg,non_autistic
non_autistic\0627.jpg,non_autistic
non_autistic\0827.jpg,non_autistic
non_autistic\1429.jpg,non_autistic
non_autistic\0812.jpg,non_autistic
non_autistic\0793.jpg,non_autistic
autistic\1432.jpg,autistic
non_autistic\1022.jpg,non_autistic
non_autistic\0608.jpg,non_autistic
autistic\0623.jpg,autistic
autistic\1422.jpg,autistic
autistic\0271.jpg,autistic
autistic\1277.jpg,autistic
autistic\0978.jpg,autistic
non_autistic\1048.jpg,non_autistic
autistic\1156.jpg,autistic
non_autistic\0187.jpg,non_autistic
non_autistic\0037.jpg,non_autistic
non_autistic\0199.jpg,non_autistic
non_autistic\0943.jpg,non_autistic
autistic\1189.jpg,autistic
non_autistic\0968.jpg,non_autistic
autistic\0066.jpg,autistic
autistic\0255.jpg,autistic
autistic\0675.jpg,autistic
non_autistic\0114.jpg,non_autistic
autistic\0028.jpg,autistic
non_autistic\0215.jpg,non_autistic
non_autistic\0791.jpg,non_autistic
non_autistic\1358.jpg,non_autistic
non_autistic\1196.jpg,non_autistic
autistic\0677.jpg,autistic
non_autistic\0160.jpg,non_autistic
non_autistic\1042.jpg,non_autistic
autistic\0995.jpg,autistic
non_autistic\0222.jpg,non_autistic
non_autistic\1089.jpg,non_autistic
autistic\0989.jpg,autistic
non_autistic\1013.jpg,non_autistic
non_autistic\0224.jpg,non_autistic
non_autistic\0569.jpg,non_autistic
non_autistic\0176.jpg,non_autistic
autistic\1137.jpg,autistic
autistic\0914.jpg,autistic
non_autistic\1350.jpg,non_autistic
non_autistic\0428.jpg,non_autistic
non_autistic\1179.jpg,non_autistic
non_autistic\1130.jpg,non_autistic
autistic\1109.jpg,autistic
autistic\0214.jpg,autistic
non_autistic\0944.jpg,non_autistic
non_autistic\0890.jpg,non_autistic
autistic\0902.jpg,autistic
autistic\0922.jpg,autistic
non_autistic\1417.jpg,non_autistic
autistic\0670.jpg,autistic
autistic\0546.jpg,autistic
autistic\0863.jpg,autistic
non_autistic\0713.jpg,non_autistic
autistic\0133.jpg,autistic
autistic\1091.jpg,autistic
autistic\0979.jpg,autistic
non_autistic\0245.jpg,non_autistic
autistic\0473.jpg,autistic
non_autistic\0346.jpg,non_autistic
autistic\0059.jpg,autistic
autistic\0092.jpg,autistic
non_autistic\0870.jpg,non_autistic
autistic\1255.jpg,autistic
non_autistic\0881.jpg,non_autistic
non_autistic\1391.jpg,non_autistic
non_autistic\1384.jpg,non_autistic
non_autistic\1323.jpg,non_autistic
autistic\0172.jpg,autistic
non_autistic\0163.jpg,non_autistic
non_autistic\0324.jpg,non_autistic
non_autistic\0456.jpg,non_autistic
non_autistic\0063.jpg,non_autistic
autistic\0186.jpg,autistic
non_autistic\0208.jpg,non_autistic
autistic\1106.jpg,autistic
autistic\0388.jpg,autistic
non_autistic\0339.jpg,non_autistic
non_autistic\0293.jpg,non_autistic
non_autistic\0286.jpg,non_autistic
non_autistic\0548.jpg,non_autistic
non_autistic\1135.jpg,non_autistic
non_autistic\1019.jpg,non_autistic
non_autistic\0053.jpg,non_autistic
autistic\0114.jpg,autistic
autistic\1158.jpg,autistic
non_autistic\0915.jpg,non_autistic
non_autistic\0705.jpg,non_autistic
non_autistic\0767.jpg,non_autistic
autistic\0988.jpg,autistic
non_autistic\1005.jpg,non_autistic
autistic\0284.jpg,autistic
non_autistic\1091.jpg,non_autistic
non_autistic\0285.jpg,non_autistic
non_autistic\0307.jpg,non_autistic
autistic\0874.jpg,autistic
autistic\0123.jpg,autistic
non_autistic\0562.jpg,non_autistic
non_autistic\1131.jpg,non_autistic
non_autistic\1169.jpg,non_autistic
autistic\0215.jpg,autistic
non_autistic\1111.jpg,non_autistic
non_autistic\0299.jpg,non_autistic
autistic\0740.jpg,autistic
autistic\0230.jpg,autistic
non_autistic\0540.jpg,non_autistic
autistic\0685.jpg,autistic
autistic\1437.jpg,autistic
autistic\0820.jpg,autistic
non_autistic\0051.jpg,non_autistic
autistic\1076.jpg,autistic
autistic\1203.jpg,autistic
non_autistic\0973.jpg,non_autistic
autistic\0418.jpg,autistic
non_autistic\1261.jpg,non_autistic
autistic\0549.jpg,autistic
autistic\0165.jpg,autistic
non_autistic\0076.jpg,non_autistic
non_autistic\1028.jpg,non_autistic
autistic\0698.jpg,autistic
autistic\0686.jpg,autistic
autistic\0602.jpg,autistic
non_autistic\1357.jpg,non_autistic
autistic\1053.jpg,autistic
non_autistic\0863.jpg,non_autistic
autistic\0256.jpg,autistic
non_autistic\0734.jpg,non_autistic
non_autistic\1242.jpg,non_autistic
autistic\1075.jpg,autistic
autistic\1320.jpg,autistic
non_autistic\1387.jpg,non_autistic
non_autistic\0959.jpg,non_autistic
non_autistic\0379.jpg,non_autistic
autistic\1424.jpg,autistic
non_autistic\0927.jpg,non_autistic
non_autistic\0328.jpg,non_autistic
autistic\0396.jpg,autistic
non_autistic\0104.jpg,non_autistic
non_autistic\0922.jpg,non_autistic
non_autistic\0710.jpg,non_autistic
autistic\0633.jpg,autistic
autistic\0877.jpg,autistic
non_autistic\0136.jpg,non_autistic
non_autistic\1276.jpg,non_autistic
autistic\0732.jpg,autistic
autistic\1251.jpg,autistic
non_autistic\1422.jpg,non_autistic
non_autistic\1320.jpg,non_autistic
autistic\1454.jpg,autistic
autistic\0210.jpg,autistic
autistic\1135.jpg,autistic
non_autistic\0471.jpg,non_autistic
autistic\1373.jpg,autistic
non_autistic\1150.jpg,non_autistic
autistic\1057.jpg,autistic
non_autistic\0803.jpg,non_autistic
autistic\0928.jpg,autistic
autistic\1123.jpg,autistic
non_autistic\0250.jpg,non_autistic
non_autistic\0134.jpg,non_autistic
non_autistic\1112.jpg,non_autistic
autistic\0624.jpg,autistic
autistic\0018.jpg,autistic
non_autistic\0061.jpg,non_autistic
autistic\0775.jpg,autistic
autistic\0946.jpg,autistic
autistic\0906.jpg,autistic
autistic\0965.jpg,autistic
non_autistic\0225.jpg,non_autistic
non_autistic\1255.jpg,non_autistic
non_autistic\0277.jpg,non_autistic
autistic\0570.jpg,autistic
autistic\0558.jpg,autistic
non_autistic\1200.jpg,non_autistic
autistic\0037.jpg,autistic
autistic\0288.jpg,autistic
non_autistic\0667.jpg,non_autistic
non_autistic\0847.jpg,non_autistic
autistic\0970.jpg,autistic
autistic\1441.jpg,autistic
non_autistic\0113.jpg,non_autistic
autistic\0323.jpg,autistic
autistic\1131.jpg,autistic
non_autistic\0123.jpg,non_autistic
autistic\0921.jpg,autistic
autistic\0192.jpg,autistic
non_autistic\1368.jpg,non_autistic
non_autistic\1244.jpg,non_autistic
autistic\0850.jpg,autistic
non_autistic\0753.jpg,non_autistic
autistic\0567.jpg,autistic
autistic\1366.jpg,autistic
non_autistic\0574.jpg,non_autistic
non_autistic\0728.jpg,non_autistic
non_autistic\0579.jpg,non_autistic
non_autistic\0388.jpg,non_autistic
autistic\1223.jpg,autistic
autistic\0659.jpg,autistic
non_autistic\0249.jpg,non_autistic
autistic\0899.jpg,autistic
autistic\0574.jpg,autistic
autistic\1110.jpg,autistic
non_autistic\0676.jpg,non_autistic
non_autistic\1212.jpg,non_autistic
non_autistic\1036.jpg,non_autistic
autistic\1330.jpg,autistic
non_autistic\1219.jpg,non_autistic
non_autistic\0173.jpg,non_autistic
autistic\1002.jpg,autistic
non_autistic\0637.jpg,non_autistic
autistic\1419.jpg,autistic
non_autistic\1181.jpg,non_autistic
non_autistic\1389.jpg,non_autistic
non_autistic\0580.jpg,non_autistic
non_autistic\0026.jpg,non_autistic
non_autistic\1178.jpg,non_autistic
non_autistic\1402.jpg,non_autistic
non_autistic\1430.jpg,non_autistic
autistic\0891.jpg,autistic
autistic\0216.jpg,autistic
autistic\0920.jpg,autistic
autistic\0715.jpg,autistic
autistic\1380.jpg,autistic
non_autistic\0533.jpg,non_autistic
non_autistic\0462.jpg,non_autistic
autistic\0304.jpg,autistic
autistic\0971.jpg,autistic
non_autistic\1142.jpg,non_autistic
non_autistic\0177.jpg,non_autistic
non_autistic\0319.jpg,non_autistic
autistic\0903.jpg,autistic
non_autistic\1288.jpg,non_autistic
autistic\0453.jpg,autistic
autistic\0868.jpg,autistic
non_autistic\0935.jpg,non_autistic
non_autistic\0626.jpg,non_autistic
autistic\0597.jpg,autistic
autistic\0014.jpg,autistic
autistic\1428.jpg,autistic
autistic\0923.jpg,autistic
non_autistic\0633.jpg,non_autistic
autistic\0459.jpg,autistic
non_autistic\1218.jpg,non_autistic
non_autistic\1129.jpg,non_autistic
non_autistic\0869.jpg,non_autistic
autistic\1301.jpg,autistic
non_autistic\0070.jpg,non_autistic
autistic\1397.jpg,autistic
non_autistic\0835.jpg,non_autistic
autistic\0295.jpg,autistic
autistic\0045.jpg,autistic
non_autistic\1177.jpg,non_autistic
non_autistic\0956.jpg,non_autistic
non_autistic\0584.jpg,non_autistic
non_autistic\0962.jpg,non_autistic
non_autistic\0271.jpg,non_autistic
non_autistic\0028.jpg,non_autistic
non_autistic\0891.jpg,non_autistic
autistic\0493.jpg,autistic
non_autistic\1348.jpg,non_autistic
autistic\0954.jpg,autistic
non_autistic\1085.jpg,non_autistic
autistic\1457.jpg,autistic
autistic\0180.jpg,autistic
autistic\1414.jpg,autistic
non_autistic\0910.jpg,non_autistic
autistic\0125.jpg,autistic
non_autistic\0801.jpg,non_autistic
non_autistic\0591.jpg,non_autistic
non_autistic\0439.jpg,non_autistic
autistic\0291.jpg,autistic
autistic\1269.jpg,autistic
autistic\1096.jpg,autistic
non_autistic\1155.jpg,non_autistic
autistic\0305.jpg,autistic
autistic\0152.jpg,autistic
non_autistic\0227.jpg,non_autistic
non_autistic\1156.jpg,non_autistic
non_autistic\0280.jpg,non_autistic
non_autistic\1127.jpg,non_autistic
non_autistic\1326.jpg,non_autistic
autistic\1045.jpg,autistic
non_autistic\0262.jpg,non_autistic
non_autistic\1295.jpg,non_autistic
non_autistic\0182.jpg,non_autistic
autistic\1371.jpg,autistic
autistic\1253.jpg,autistic
autistic\1191.jpg,autistic
non_autistic\0610.jpg,non_autistic
non_autistic\0195.jpg,non_autistic
non_autistic\0519.jpg,non_autistic
autistic\1134.jpg,autistic
autistic\0359.jpg,autistic
non_autistic\0005.jpg,non_autistic
autistic\0844.jpg,autistic
non_autistic\1236.jpg,non_autistic
autistic\0825.jpg,autistic
non_autistic\0241.jpg,non_autistic
non_autistic\0435.jpg,non_autistic
non_autistic\0363.jpg,non_autistic
non_autistic\1010.jpg,non_autistic
autistic\0938.jpg,autistic
non_autistic\0955.jpg,non_autistic
autistic\0750.jpg,autistic
autistic\1142.jpg,autistic
autistic\0262.jpg,autistic
non_autistic\1160.jpg,non_autistic
non_autistic\1293.jpg,non_autistic
non_autistic\0878.jpg,non_autistic
autistic\0713.jpg,autistic
autistic\1369.jpg,autistic
non_autistic\0457.jpg,non_autistic
non_autistic\0702.jpg,non_autistic
autistic\0854.jpg,autistic
autistic\1148.jpg,autistic
non_autistic\1154.jpg,non_autistic
non_autistic\0464.jpg,non_autistic
non_autistic\1329.jpg,non_autistic
autistic\0972.jpg,autistic
non_autistic\0840.jpg,non_autistic
autistic\0003.jpg,autistic
autistic\0556.jpg,autistic
non_autistic\0121.jpg,non_autistic
autistic\1324.jpg,autistic
non_autistic\0111.jpg,non_autistic
autistic\0391.jpg,autistic
autistic\0196.jpg,autistic
non_autistic\0842.jpg,non_autistic
autistic\1207.jpg,autistic
autistic\0325.jpg,autistic
autistic\0770.jpg,autistic
non_autistic\1401.jpg,non_autistic
autistic\0415.jpg,autistic
non_autistic\0394.jpg,non_autistic
non_autistic\0282.jpg,non_autistic
non_autistic\1457.jpg,non_autistic
non_autistic\0629.jpg,non_autistic
autistic\0377.jpg,autistic
autistic\0052.jpg,autistic
non_autistic\0096.jpg,non_autistic
non_autistic\0539.jpg,non_autistic
autistic\0072.jpg,autistic
autistic\1024.jpg,autistic
autistic\1145.jpg,autistic
non_autistic\0522.jpg,non_autistic
non_autistic\0758.jpg,non_autistic
autistic\1034.jpg,autistic
non_autistic\0920.jpg,non_autistic
non_autistic\0857.jpg,non_autistic
non_autistic\0235.jpg,non_autistic
autistic\0068.jpg,autistic
non_autistic\1038.jpg,non_autistic
autistic\0408.jpg,autistic
autistic\0662.jpg,autistic
non_autistic\0055.jpg,non_autistic
non_autistic\0614.jpg,non_autistic
autistic\0064.jpg,autistic
non_autistic\0977.jpg,non_autistic
autistic\1205.jpg,autistic
non_autistic\1299.jpg,non_autistic
non_autistic\0317.jpg,non_autistic
autistic\1395.jpg,autistic
non_autistic\0537.jpg,non_autistic
non_autistic\0466.jpg,non_autistic
autistic\1071.jpg,autistic
non_autistic\0127.jpg,non_autistic
autistic\0403.jpg,autistic
non_autistic\0820.jpg,non_autistic
autistic\1080.jpg,autistic
non_autistic\0531.jpg,non_autistic
non_autistic\0550.jpg,non_autistic
autistic\0328.jpg,autistic
non_autistic\0201.jpg,non_autistic
autistic\0043.jpg,autistic
autistic\0551.jpg,autistic
non_autistic\0099.jpg,non_autistic
non_autistic\0427.jpg,non_autistic
autistic\0477.jpg,autistic
non_autistic\0545.jpg,non_autistic
non_autistic\0050.jpg,non_autistic
autistic\0334.jpg,autistic
non_autistic\0969.jpg,non_autistic
autistic\0810.jpg,autistic
non_autistic\0838.jpg,non_autistic
autistic\0763.jpg,autistic
non_autistic\0566.jpg,non_autistic
non_autistic\0980.jpg,non_autistic
non_autistic\0677.jpg,non_autistic
autistic\0335.jpg,autistic
autistic\1121.jpg,autistic
autistic\0016.jpg,autistic
autistic\0254.jpg,autistic
autistic\1456.jpg,autistic
autistic\0788.jpg,autistic
non_autistic\0913.jpg,non_autistic
non_autistic\1215.jpg,non_autistic
non_autistic\1123.jpg,non_autistic
non_autistic\0813.jpg,non_autistic
non_autistic\1166.jpg,non_autistic
autistic\0157.jpg,autistic
autistic\0015.jpg,autistic
non_autistic\0444.jpg,non_autistic
non_autistic\1109.jpg,non_autistic
autistic\0319.jpg,autistic
autistic\1413.jpg,autistic
non_autistic\0251.jpg,non_autistic
autistic\1173.jpg,autistic
autistic\0091.jpg,autistic
autistic\0365.jpg,autistic
non_autistic\1026.jpg,non_autistic
non_autistic\0611.jpg,non_autistic
non_autistic\0230.jpg,non_autistic
non_autistic\0571.jpg,non_autistic
autistic\0313.jpg,autistic
autistic\0871.jpg,autistic
non_autistic\0326.jpg,non_autistic
non_autistic\0680.jpg,non_autistic
non_autistic\0086.jpg,non_autistic
non_autistic\1314.jpg,non_autistic
autistic\0012.jpg,autistic
autistic\1375.jpg,autistic
autistic\1386.jpg,autistic
non_autistic\1275.jpg,non_autistic
autistic\0350.jpg,autistic
non_autistic\0166.jpg,non_autistic
autistic\1377.jpg,autistic
non_autistic\1382.jpg,non_autistic
autistic\0859.jpg,autistic
autistic\0802.jpg,autistic
non_autistic\0067.jpg,non_autistic
non_autistic\0040.jpg,non_autistic
autistic\0526.jpg,autistic
autistic\0984.jpg,autistic
non_autistic\0179.jpg,non_autistic
non_autistic\0792.jpg,non_autistic
non_autistic\1106.jpg,non_autistic
non_autistic\0072.jpg,non_autistic
autistic\1019.jpg,autistic
autistic\1099.jpg,autistic
non_autistic\1034.jpg,non_autistic
autistic\0963.jpg,autistic
non_autistic\0161.jpg,non_autistic
autistic\0904.jpg,autistic
non_autistic\0834.jpg,non_autistic
autistic\0423.jpg,autistic
non_autistic\0660.jpg,non_autistic
autistic\0226.jpg,autistic
autistic\0090.jpg,autistic
non_autistic\1136.jpg,non_autistic
non_autistic\1247.jpg,non_autistic
autistic\0132.jpg,autistic
autistic\1410.jpg,autistic
non_autistic\1433.jpg,non_autistic
non_autistic\0765.jpg,non_autistic
non_autistic\0387.jpg,non_autistic
non_autistic\1201.jpg,non_autistic
non_autistic\1074.jpg,non_autistic
autistic\0063.jpg,autistic
non_autistic\0189.jpg,non_autistic
autistic\1083.jpg,autistic
autistic\0950.jpg,autistic
autistic\1449.jpg,autistic
autistic\0865.jpg,autistic
autistic\1391.jpg,autistic
non_autistic\1425.jpg,non_autistic
autistic\1115.jpg,autistic
non_autistic\0678.jpg,non_autistic
autistic\1184.jpg,autistic
autistic\0189.jpg,autistic
autistic\0290.jpg,autistic
non_autistic\1408.jpg,non_autistic
non_autistic\0122.jpg,non_autistic
non_autistic\0983.jpg,non_autistic
autistic\0257.jpg,autistic
non_autistic\0443.jpg,non_autistic
autistic\0040.jpg,autistic
non_autistic\1463.jpg,non_autistic
autistic\0053.jpg,autistic
non_autistic\0130.jpg,non_autistic
non_autistic\0836.jpg,non_autistic
autistic\0231.jpg,autistic
non_autistic\0764.jpg,non_autistic
autistic\1136.jpg,autistic
non_autistic\1370.jpg,non_autistic
non_autistic\0618.jpg,non_autistic
autistic\0324.jpg,autistic
autistic\0548.jpg,autistic
autistic\0753.jpg,autistic
autistic\0733.jpg,autistic
autistic\0155.jpg,autistic
autistic\0228.jpg,autistic
non_autistic\0047.jpg,non_autistic
autistic\1048.jpg,autistic
non_autistic\1412.jpg,non_autistic
autistic\1439.jpg,autistic
autistic\0240.jpg,autistic
autistic\1105.jpg,autistic
autistic\0004.jpg,autistic
autistic\0118.jpg,autistic
non_autistic\0511.jpg,non_autistic
non_autistic\1466.jpg,non_autistic
autistic\0793.jpg,autistic
non_autistic\1174.jpg,non_autistic
autistic\1138.jpg,autistic
autistic\0062.jpg,autistic
autistic\1421.jpg,autistic
non_autistic\0185.jpg,non_autistic
autistic\0029.jpg,autistic
non_autistic\1077.jpg,non_autistic
autistic\1113.jpg,autistic
non_autistic\0273.jpg,non_autistic
autistic\0600.jpg,autistic
non_autistic\0059.jpg,non_autistic
autistic\0817.jpg,autistic
non_autistic\0231.jpg,non_autistic
non_autistic\1274.jpg,non_autistic
autistic\0718.jpg,autistic
non_autistic\0841.jpg,non_autistic
non_autistic\0424.jpg,non_autistic
autistic\0467.jpg,autistic
non_autistic\0594.jpg,non_autistic
non_autistic\1290.jpg,non_autistic
non_autistic\0506.jpg,non_autistic
autistic\0826.jpg,autistic
non_autistic\0695.jpg,non_autistic
non_autistic\0314.jpg,non_autistic
autistic\0580.jpg,autistic
autistic\0651.jpg,autistic
non_autistic\1280.jpg,non_autistic
non_autistic\0458.jpg,non_autistic
non_autistic\0994.jpg,non_autistic
non_autistic\0912.jpg,non_autistic
autistic\0759.jpg,autistic
autistic\0599.jpg,autistic
non_autistic\1199.jpg,non_autistic
non_autistic\0101.jpg,non_autistic
non_autistic\0030.jpg,non_autistic
non_autistic\1079.jpg,non_autistic
non_autistic\0612.jpg,non_autistic
autistic\0353.jpg,autistic
non_autistic\1438.jpg,non_autistic
autistic\0389.jpg,autistic
non_autistic\0718.jpg,non_autistic
autistic\0426.jpg,autistic
autistic\1388.jpg,autistic
autistic\1088.jpg,autistic
autistic\0728.jpg,autistic
autistic\0969.jpg,autistic
autistic\0454.jpg,autistic
non_autistic\1084.jpg,non_autistic
non_autistic\0708.jpg,non_autistic
autistic\1154.jpg,autistic
autistic\0915.jpg,autistic
non_autistic\0052.jpg,non_autistic
non_autistic\0953.jpg,non_autistic
non_autistic\0543.jpg,non_autistic
autistic\1010.jpg,autistic
non_autistic\0525.jpg,non_autistic
autistic\0057.jpg,autistic
autistic\0924.jpg,autistic
non_autistic\0246.jpg,non_autistic
non_autistic\0112.jpg,non_autistic
autistic\0736.jpg,autistic
non_autistic\0146.jpg,non_autistic
autistic\0307.jpg,autistic
non_autistic\1347.jpg,non_autistic
autistic\0049.jpg,autistic
autistic\0725.jpg,autistic
non_autistic\1041.jpg,non_autistic
autistic\0581.jpg,autistic
non_autistic\1238.jpg,non_autistic
autistic\1315.jpg,autistic
non_autistic\0382.jpg,non_autistic
autistic\1445.jpg,autistic
autistic\1050.jpg,autistic
autistic\1222.jpg,autistic
non_autistic\0151.jpg,non_autistic
non_autistic\0109.jpg,non_autistic
non_autistic\0398.jpg,non_autistic
non_autistic\0587.jpg,non_autistic
non_autistic\0833.jpg,non_autistic
autistic\0431.jpg,autistic
autistic\0146.jpg,autistic
non_autistic\0844.jpg,non_autistic
non_autistic\0420.jpg,non_autistic
non_autistic\1046.jpg,non_autistic
non_autistic\1426.jpg,non_autistic
non_autistic\0432.jpg,non_autistic
non_autistic\0510.jpg,non_autistic
autistic\1247.jpg,autistic
autistic\0031.jpg,autistic
non_autistic\0692.jpg,non_autistic
non_autistic\0269.jpg,non_autistic
non_autistic\0590.jpg,non_autistic
non_autistic\1058.jpg,non_autistic
non_autistic\1044.jpg,non_autistic
autistic\1206.jpg,autistic
autistic\1415.jpg,autistic
autistic\0206.jpg,autistic
autistic\0490.jpg,autistic
autistic\0557.jpg,autistic
autistic\0857.jpg,autistic
non_autistic\0573.jpg,non_autistic
non_autistic\0494.jpg,non_autistic
autistic\1078.jpg,autistic
autistic\1035.jpg,autistic
autistic\0588.jpg,autistic
autistic\0237.jpg,autistic
non_autistic\1399.jpg,non_autistic
non_autistic\0342.jpg,non_autistic
autistic\0867.jpg,autistic
autistic\0529.jpg,autistic
autistic\1032.jpg,autistic
autistic\0407.jpg,autistic
autistic\0105.jpg,autistic
autistic\0735.jpg,autistic
non_autistic\0087.jpg,non_autistic
autistic\1190.jpg,autistic
autistic\0361.jpg,autistic
autistic\1348.jpg,autistic
non_autistic\1282.jpg,non_autistic
autistic\0961.jpg,autistic
non_autistic\1223.jpg,non_autistic
non_autistic\0302.jpg,non_autistic
autistic\0399.jpg,autistic
non_autistic\0143.jpg,non_autistic
autistic\0822.jpg,autistic
non_autistic\0716.jpg,non_autistic
autistic\1111.jpg,autistic
non_autistic\1260.jpg,non_autistic
autistic\0958.jpg,autistic
non_autistic\0995.jpg,non_autistic
autistic\0383.jpg,autistic
non_autistic\0066.jpg,non_autistic
non_autistic\0054.jpg,non_autistic
non_autistic\0311.jpg,non_autistic
autistic\0531.jpg,autistic
non_autistic\0993.jpg,non_autistic
non_autistic\1307.jpg,non_autistic
autistic\0749.jpg,autistic
non_autistic\0606.jpg,non_autistic
autistic\0032.jpg,autistic
autistic\0355.jpg,autistic
non_autistic\0583.jpg,non_autistic
autistic\1036.jpg,autistic
autistic\0330.jpg,autistic
non_autistic\0563.jpg,non_autistic
non_autistic\1069.jpg,non_autistic
non_autistic\0095.jpg,non_autistic
autistic\1404.jpg,autistic
non_autistic\0463.jpg,non_autistic
autistic\1442.jpg,autistic
non_autistic\0084.jpg,non_autistic
non_autistic\0389.jpg,non_autistic
autistic\1429.jpg,autistic
autistic\0435.jpg,autistic
non_autistic\1014.jpg,non_autistic
non_autistic\0481.jpg,non_autistic
non_autistic\0523.jpg,non_autistic
autistic\1170.jpg,autistic
non_autistic\0396.jpg,non_autistic
non_autistic\0452.jpg,non_autistic
non_autistic\0265.jpg,non_autistic
non_autistic\1286.jpg,non_autistic
autistic\1464.jpg,autistic
autistic\0895.jpg,autistic
non_autistic\0880.jpg,non_autistic
non_autistic\0711.jpg,non_autistic
autistic\0248.jpg,autistic
autistic\0050.jpg,autistic
non_autistic\1461.jpg,non_autistic
non_autistic\0266.jpg,non_autistic
non_autistic\1411.jpg,non_autistic
autistic\0061.jpg,autistic
autistic\0277.jpg,autistic
autistic\0603.jpg,autistic
non_autistic\0586.jpg,non_autistic
non_autistic\0796.jpg,non_autistic
autistic\1406.jpg,autistic
autistic\0417.jpg,autistic
non_autistic\1139.jpg,non_autistic
non_autistic\1051.jpg,non_autistic
non_autistic\1153.jpg,non_autistic
non_autistic\1165.jpg,non_autistic
non_autistic\1231.jpg,non_autistic
autistic\1240.jpg,autistic
non_autistic\0352.jpg,non_autistic
autistic\1029.jpg,autistic
autistic\0816.jpg,autistic
non_autistic\0624.jpg,non_autistic
non_autistic\0411.jpg,non_autistic
autistic\0497.jpg,autistic
autistic\1144.jpg,autistic
autistic\1403.jpg,autistic
non_autistic\0894.jpg,non_autistic
autistic\0208.jpg,autistic
autistic\0815.jpg,autistic
non_autistic\0370.jpg,non_autistic
autistic\0339.jpg,autistic
non_autistic\0107.jpg,non_autistic
non_autistic\0751.jpg,non_autistic
autistic\0632.jpg,autistic
autistic\0648.jpg,autistic
autistic\0119.jpg,autistic
autistic\0223.jpg,autistic
autistic\1264.jpg,autistic
autistic\1311.jpg,autistic
autistic\0337.jpg,autistic
non_autistic\1427.jpg,non_autistic
non_autistic\1291.jpg,non_autistic
non_autistic\1006.jpg,non_autistic
non_autistic\0393.jpg,non_autistic
non_autistic\0191.jpg,non_autistic
autistic\1275.jpg,autistic
non_autistic\1245.jpg,non_autistic
autistic\1217.jpg,autistic
non_autistic\0634.jpg,non_autistic
autistic\0298.jpg,autistic
autistic\0555.jpg,autistic
non_autistic\0917.jpg,non_autistic
non_autistic\1108.jpg,non_autistic
autistic\1392.jpg,autistic
non_autistic\0501.jpg,non_autistic
non_autistic\0897.jpg,non_autistic
autistic\0667.jpg,autistic
autistic\1250.jpg,autistic
autistic\0027.jpg,autistic
non_autistic\1147.jpg,non_autistic
autistic\0999.jpg,autistic
non_autistic\1012.jpg,non_autistic
non_autistic\1035.jpg,non_autistic
autistic\1056.jpg,autistic
non_autistic\0255.jpg,non_autistic
autistic\1467.jpg,autistic
autistic\0341.jpg,autistic
autistic\1059.jpg,autistic
non_autistic\0823.jpg,non_autistic
non_autistic\0800.jpg,non_autistic
autistic\0266.jpg,autistic
non_autistic\1297.jpg,non_autistic
non_autistic\0981.jpg,non_autistic
non_autistic\0310.jpg,non_autistic
autistic\0663.jpg,autistic
autistic\1443.jpg,autistic
autistic\0338.jpg,autistic
non_autistic\0433.jpg,non_autistic
non_autistic\1339.jpg,non_autistic
non_autistic\0305.jpg,non_autistic
non_autistic\1002.jpg,non_autistic
autistic\1455.jpg,autistic
autistic\0245.jpg,autistic
autistic\1263.jpg,autistic
autistic\1343.jpg,autistic
non_autistic\0131.jpg,non_autistic
non_autistic\0700.jpg,non_autistic
non_autistic\1137.jpg,non_autistic
autistic\0869.jpg,autistic
non_autistic\0688.jpg,non_autistic
non_autistic\0788.jpg,non_autistic
autistic\1055.jpg,autistic
autistic\1317.jpg,autistic
autistic\0055.jpg,autistic
autistic\0176.jpg,autistic
non_autistic\0289.jpg,non_autistic
autistic\0782.jpg,autistic
autistic\0378.jpg,autistic
autistic\1143.jpg,autistic
non_autistic\0992.jpg,non_autistic
autistic\0797.jpg,autistic
autistic\0420.jpg,autistic
autistic\1152.jpg,autistic
non_autistic\0404.jpg,non_autistic
non_autistic\0949.jpg,non_autistic
autistic\0800.jpg,autistic
non_autistic\0010.jpg,non_autistic
non_autistic\0528.jpg,non_autistic
non_autistic\0347.jpg,non_autistic
autistic\0387.jpg,autistic
non_autistic\0473.jpg,non_autistic
autistic\0445.jpg,autistic
autistic\0937.jpg,autistic
autistic\0519.jpg,autistic
autistic\1224.jpg,autistic
non_autistic\1024.jpg,non_autistic
non_autistic\1311.jpg,non_autistic
non_autistic\0140.jpg,non_autistic
autistic\0905.jpg,autistic
autistic\1153.jpg,autistic
non_autistic\0986.jpg,non_autistic
non_autistic\0126.jpg,non_autistic
non_autistic\0811.jpg,non_autistic
autistic\1244.jpg,autistic
non_autistic\0154.jpg,non_autistic
autistic\1399.jpg,autistic
non_autistic\0001.jpg,non_autistic
autistic\0287.jpg,autistic
non_autistic\1450.jpg,non_autistic
autistic\0488.jpg,autistic
autistic\1155.jpg,autistic
autistic\0434.jpg,autistic
autistic\1047.jpg,autistic
autistic\0250.jpg,autistic
non_autistic\0338.jpg,non_autistic
non_autistic\0003.jpg,non_autistic
autistic\1298.jpg,autistic
autistic\0249.jpg,autistic
non_autistic\1249.jpg,non_autistic
non_autistic\0541.jpg,non_autistic
non_autistic\0527.jpg,non_autistic
autistic\1214.jpg,autistic
autistic\0229.jpg,autistic
non_autistic\0279.jpg,non_autistic
autistic\1393.jpg,autistic
non_autistic\0978.jpg,non_autistic
autistic\1037.jpg,autistic
non_autistic\0038.jpg,non_autistic
non_autistic\0725.jpg,non_autistic
non_autistic\0447.jpg,non_autistic
non_autistic\1228.jpg,non_autistic
autistic\0743.jpg,autistic
autistic\0179.jpg,autistic
autistic\1000.jpg,autistic
non_autistic\1168.jpg,non_autistic
non_autistic\0740.jpg,non_autistic
autistic\0720.jpg,autistic
autistic\0471.jpg,autistic
autistic\0360.jpg,autistic
non_autistic\0766.jpg,non_autistic
autistic\0310.jpg,autistic
non_autistic\0278.jpg,non_autistic
non_autistic\1163.jpg,non_autistic
autistic\1234.jpg,autistic
autistic\0907.jpg,autistic
non_autistic\0129.jpg,non_autistic
non_autistic\1216.jpg,non_autistic
non_autistic\0739.jpg,non_autistic
non_autistic\0190.jpg,non_autistic
non_autistic\1338.jpg,non_autistic
autistic\0711.jpg,autistic
autistic\0839.jpg,autistic
non_autistic\0417.jpg,non_autistic
non_autistic\0951.jpg,non_autistic
autistic\0297.jpg,autistic
non_autistic\0006.jpg,non_autistic
non_autistic\1365.jpg,non_autistic
autistic\0606.jpg,autistic
non_autistic\0401.jpg,non_autistic
autistic\0218.jpg,autistic
non_autistic\0252.jpg,non_autistic
non_autistic\0782.jpg,non_autistic
non_autistic\0874.jpg,non_autistic
autistic\0374.jpg,autistic
autistic\1038.jpg,autistic
non_autistic\1033.jpg,non_autistic
autistic\1006.jpg,autistic
autistic\0860.jpg,autistic
autistic\1168.jpg,autistic
non_autistic\0724.jpg,non_autistic
autistic\1376.jpg,autistic
non_autistic\0554.jpg,non_autistic
autistic\1254.jpg,autistic
non_autistic\0754.jpg,non_autistic
autistic\0401.jpg,autistic
non_autistic\0999.jpg,non_autistic
autistic\1183.jpg,autistic
non_autistic\1072.jpg,non_autistic
autistic\0260.jpg,autistic
non_autistic\1439.jpg,non_autistic
autistic\0765.jpg,autistic
non_autistic\0446.jpg,non_autistic
non_autistic\0390.jpg,non_autistic
non_autistic\0578.jpg,non_autistic
autistic\1031.jpg,autistic
autistic\0883.jpg,autistic
non_autistic\1447.jpg,non_autistic
autistic\0926.jpg,autistic
non_autistic\0810.jpg,non_autistic
autistic\0612.jpg,autistic
non_autistic\0773.jpg,non_autistic
non_autistic\0106.jpg,non_autistic
autistic\0566.jpg,autistic
non_autistic\0588.jpg,non_autistic
non_autistic\0043.jpg,non_autistic
autistic\0349.jpg,autistic
autistic\0653.jpg,autistic
non_autistic\1114.jpg,non_autistic
autistic\0320.jpg,autistic
non_autistic\0184.jpg,non_autistic
non_autistic\0223.jpg,non_autistic
autistic\0299.jpg,autistic
non_autistic\0707.jpg,non_autistic
autistic\0141.jpg,autistic
non_autistic\1173.jpg,non_autistic
non_autistic\0789.jpg,non_autistic
non_autistic\1213.jpg,non_autistic
non_autistic\1158.jpg,non_autistic
autistic\1231.jpg,autistic
non_autistic\0077.jpg,non_autistic
autistic\0079.jpg,autistic
autistic\0913.jpg,autistic
non_autistic\0090.jpg,non_autistic
autistic\0654.jpg,autistic
non_autistic\0402.jpg,non_autistic
autistic\0044.jpg,autistic
autistic\0776.jpg,autistic
non_autistic\1027.jpg,non_autistic
autistic\0533.jpg,autistic
non_autistic\1009.jpg,non_autistic
autistic\0658.jpg,autistic
autistic\0197.jpg,autistic
autistic\0985.jpg,autistic
non_autistic\1050.jpg,non_autistic
autistic\0956.jpg,autistic
autistic\0246.jpg,autistic
autistic\0845.jpg,autistic
non_autistic\0065.jpg,non_autistic
non_autistic\1062.jpg,non_autistic
non_autistic\0399.jpg,non_autistic
autistic\0005.jpg,autistic
autistic\0932.jpg,autistic
non_autistic\0615.jpg,non_autistic
non_autistic\0937.jpg,non_autistic
autistic\0067.jpg,autistic
autistic\0833.jpg,autistic
non_autistic\1003.jpg,non_autistic
non_autistic\1100.jpg,non_autistic
autistic\0611.jpg,autistic
autistic\0935.jpg,autistic
non_autistic\1256.jpg,non_autistic
autistic\1118.jpg,autistic
autistic\0511.jpg,autistic
autistic\1450.jpg,autistic
non_autistic\1194.jpg,non_autistic
non_autistic\0260.jpg,non_autistic
autistic\0647.jpg,autistic
autistic\0267.jpg,autistic
autistic\0258.jpg,autistic
non_autistic\1414.jpg,non_autistic
non_autistic\0071.jpg,non_autistic
non_autistic\0996.jpg,non_autistic
autistic\0609.jpg,autistic
autistic\0772.jpg,autistic
autistic\0634.jpg,autistic
autistic\0474.jpg,autistic
autistic\1017.jpg,autistic
autistic\0700.jpg,autistic
non_autistic\1164.jpg,non_autistic
non_autistic\0653.jpg,non_autistic
autistic\0094.jpg,autistic
autistic\1361.jpg,autistic
non_autistic\1332.jpg,non_autistic
non_autistic\0607.jpg,non_autistic
non_autistic\1167.jpg,non_autistic
non_autistic\1440.jpg,non_autistic
autistic\0780.jpg,autistic
autistic\0439.jpg,autistic
autistic\1120.jpg,autistic
non_autistic\0188.jpg,non_autistic
non_autistic\0797.jpg,non_autistic
non_autistic\0931.jpg,non_autistic
autistic\0100.jpg,autistic
non_autistic\0577.jpg,non_autistic
non_autistic\1354.jpg,non_autistic
autistic\0764.jpg,autistic
non_autistic\0294.jpg,non_autistic
non_autistic\1351.jpg,non_autistic
non_autistic\0776.jpg,non_autistic
non_autistic\0630.jpg,non_autistic
non_autistic\0966.jpg,non_autistic
autistic\0858.jpg,autistic
autistic\0188.jpg,autistic
non_autistic\1057.jpg,non_autistic
non_autistic\0315.jpg,non_autistic
autistic\1425.jpg,autistic
autistic\0847.jpg,autistic
non_autistic\1379.jpg,non_autistic
non_autistic\1284.jpg,non_autistic
non_autistic\0516.jpg,non_autistic
non_autistic\1405.jpg,non_autistic
non_autistic\0332.jpg,non_autistic
non_autistic\0821.jpg,non_autistic
autistic\1185.jpg,autistic
autistic\1004.jpg,autistic
autistic\1008.jpg,autistic
autistic\1458.jpg,autistic
autistic\0697.jpg,autistic
autistic\0013.jpg,autistic
autistic\0510.jpg,autistic
non_autistic\0697.jpg,non_autistic
autistic\0699.jpg,autistic
non_autistic\0947.jpg,non_autistic
non_autistic\1103.jpg,non_autistic
non_autistic\1115.jpg,non_autistic
non_autistic\0298.jpg,non_autistic
non_autistic\0372.jpg,non_autistic
autistic\0345.jpg,autistic
non_autistic\1444.jpg,non_autistic
autistic\0273.jpg,autistic
non_autistic\0391.jpg,non_autistic
non_autistic\0641.jpg,non_autistic
autistic\1074.jpg,autistic
autistic\0071.jpg,autistic
autistic\0394.jpg,autistic
autistic\0930.jpg,autistic
non_autistic\1118.jpg,non_autistic
autistic\0665.jpg,autistic
non_autistic\0502.jpg,non_autistic
autistic\0578.jpg,autistic
non_autistic\0219.jpg,non_autistic
non_autistic\0979.jpg,non_autistic
autistic\1101.jpg,autistic
autistic\1279.jpg,autistic
non_autistic\0568.jpg,non_autistic
non_autistic\0489.jpg,non_autistic
autistic\1463.jpg,autistic
non_autistic\0930.jpg,non_autistic
non_autistic\0156.jpg,non_autistic
non_autistic\0198.jpg,non_autistic
autistic\1013.jpg,autistic
non_autistic\1318.jpg,non_autistic
non_autistic\0575.jpg,non_autistic
non_autistic\0855.jpg,non_autistic
autistic\1274.jpg,autistic
non_autistic\0916.jpg,non_autistic
non_autistic\0972.jpg,non_autistic
non_autistic\0967.jpg,non_autistic
autistic\0205.jpg,autistic
autistic\0613.jpg,autistic
non_autistic\0197.jpg,non_autistic
autistic\0806.jpg,autistic
autistic\0649.jpg,autistic
non_autistic\0196.jpg,non_autistic
non_autistic\0440.jpg,non_autistic
autistic\0747.jpg,autistic
non_autistic\0946.jpg,non_autistic
non_autistic\1468.jpg,non_autistic
non_autistic\0301.jpg,non_autistic
non_autistic\0068.jpg,non_autistic
autistic\1338.jpg,autistic
non_autistic\0288.jpg,non_autistic
non_autistic\0867.jpg,non_autistic
non_autistic\1025.jpg,non_autistic
autistic\0590.jpg,autistic
non_autistic\0009.jpg,non_autistic
autistic\0182.jpg,autistic
autistic\0866.jpg,autistic
autistic\0034.jpg,autistic
non_autistic\0366.jpg,non_autistic
non_autistic\1322.jpg,non_autistic
autistic\0457.jpg,autistic
autistic\1119.jpg,autistic
non_autistic\0322.jpg,non_autistic
autistic\0449.jpg,autistic
non_autistic\0828.jpg,non_autistic
non_autistic\1330.jpg,non_autistic
autistic\0263.jpg,autistic
non_autistic\1456.jpg,non_autistic
non_autistic\0418.jpg,non_autistic
non_autistic\1435.jpg,non_autistic
autistic\0668.jpg,autistic
autistic\1160.jpg,autistic
non_autistic\0414.jpg,non_autistic
non_autistic\0866.jpg,non_autistic
non_autistic\0015.jpg,non_autistic
non_autistic\0202.jpg,non_autistic
non_autistic\0504.jpg,non_autistic
autistic\0798.jpg,autistic
non_autistic\1045.jpg,non_autistic
autistic\1041.jpg,autistic
non_autistic\0729.jpg,non_autistic
autistic\0499.jpg,autistic
autistic\1049.jpg,autistic
non_autistic\0340.jpg,non_autistic
non_autistic\0582.jpg,non_autistic
autistic\1312.jpg,autistic
non_autistic\0752.jpg,non_autistic
autistic\0134.jpg,autistic
non_autistic\0954.jpg,non_autistic
autistic\1382.jpg,autistic
non_autistic\0518.jpg,non_autistic
autistic\1157.jpg,autistic
autistic\0939.jpg,autistic
non_autistic\0449.jpg,non_autistic
autistic\0540.jpg,autistic
autistic\0343.jpg,autistic
autistic\1245.jpg,autistic
autistic\1278.jpg,autistic
non_autistic\0422.jpg,non_autistic
non_autistic\0963.jpg,non_autistic
autistic\0073.jpg,autistic
non_autistic\0602.jpg,non_autistic
non_autistic\1110.jpg,non_autistic
non_autistic\0609.jpg,non_autistic
autistic\0807.jpg,autistic
autistic\1127.jpg,autistic
autistic\0901.jpg,autistic
autistic\0941.jpg,autistic
autistic\1161.jpg,autistic
autistic\1095.jpg,autistic
autistic\0572.jpg,autistic
non_autistic\0830.jpg,non_autistic
non_autistic\1082.jpg,non_autistic
non_autistic\1059.jpg,non_autistic
non_autistic\0128.jpg,non_autistic
non_autistic\0023.jpg,non_autistic
non_autistic\1184.jpg,non_autistic
non_autistic\0486.jpg,non_autistic
autistic\0657.jpg,autistic
non_autistic\1064.jpg,non_autistic
autistic\0583.jpg,autistic
non_autistic\0355.jpg,non_autistic
non_autistic\1254.jpg,non_autistic
autistic\1174.jpg,autistic
autistic\0233.jpg,autistic
autistic\0559.jpg,autistic
non_autistic\0349.jpg,non_autistic
autistic\0039.jpg,autistic
non_autistic\0747.jpg,non_autistic
non_autistic\0520.jpg,non_autistic
autistic\0070.jpg,autistic
autistic\0616.jpg,autistic
non_autistic\0976.jpg,non_autistic
non_autistic\1233.jpg,non_autistic
non_autistic\1060.jpg,non_autistic
autistic\0751.jpg,autistic
non_autistic\0535.jpg,non_autistic
non_autistic\0448.jpg,non_autistic
non_autistic\0018.jpg,non_autistic
non_autistic\0268.jpg,non_autistic
non_autistic\0559.jpg,non_autistic
non_autistic\1420.jpg,non_autistic
autistic\0243.jpg,autistic
autistic\1221.jpg,autistic
autistic\0655.jpg,autistic
autistic\1040.jpg,autistic
non_autistic\0445.jpg,non_autistic
non_autistic\0746.jpg,non_autistic
autistic\1364.jpg,autistic
autistic\1258.jpg,autistic
non_autistic\0257.jpg,non_autistic
autistic\0025.jpg,autistic
autistic\0977.jpg,autistic
autistic\1256.jpg,autistic
autistic\1166.jpg,autistic
non_autistic\0004.jpg,non_autistic
autistic\0190.jpg,autistic
autistic\1015.jpg,autistic
non_autistic\0403.jpg,non_autistic
autistic\0137.jpg,autistic
autistic\0131.jpg,autistic
autistic\1285.jpg,autistic
non_autistic\0837.jpg,non_autistic
non_autistic\0499.jpg,non_autistic
autistic\1065.jpg,autistic
autistic\0129.jpg,autistic
autistic\1433.jpg,autistic
autistic\0997.jpg,autistic
autistic\0870.jpg,autistic
non_autistic\0862.jpg,non_autistic
autistic\0496.jpg,autistic
autistic\0547.jpg,autistic
autistic\1296.jpg,autistic
autistic\0491.jpg,autistic
non_autistic\0244.jpg,non_autistic
non_autistic\1087.jpg,non_autistic
autistic\1128.jpg,autistic
non_autistic\0744.jpg,non_autistic
non_autistic\0749.jpg,non_autistic
autistic\1213.jpg,autistic
autistic\1218.jpg,autistic
non_autistic\0035.jpg,non_autistic
autistic\0595.jpg,autistic
non_autistic\0926.jpg,non_autistic
autistic\1329.jpg,autistic
non_autistic\1393.jpg,non_autistic
autistic\0734.jpg,autistic
autistic\0610.jpg,autistic
non_autistic\0430.jpg,non_autistic
non_autistic\1328.jpg,non_autistic
non_autistic\0884.jpg,non_autistic
autistic\1387.jpg,autistic
autistic\0384.jpg,autistic
autistic\0047.jpg,autistic
autistic\1226.jpg,autistic
non_autistic\0843.jpg,non_autistic
